{
    "enabled": true,
    "neededInstalledMods": [],
    "neededUninstalledMods": [],
    "spawns": [
        {
            "id": "aurorus-1",
            "pokemon": "aurorus",
            "presets": [
                "natural"
            ],
            "type": "pokemon",
            "context": "grounded",
            "bucket": "rare",
            "level": "46-60",
            "weight": 1.0,
            "condition": {
                "canSeeSky": true,
                "biomes": [
                    "#cobblemon:is_cold",
                    "#cobblemon:is_freezing",
                    "#cobblemon:is_glacial"
                  ]
            }
        }
    ]
}