{
    "enabled": true,
    "neededInstalledMods": [],
    "neededUninstalledMods": [],
    "spawns": [
        {
            "id": "anorith-1",
            "pokemon": "anorith",
            "presets": [
                "natural"
            ],
            "type": "pokemon",
            "context": "grounded",
            "bucket": "uncommon",
            "level": "14-30",
            "weight": 8.0,
            "condition": {
                "biomes": [
                    "#cobblemon:is_jungle",
                    "#cobblemon:is_cave",
                    "#cobblemon:is_mountain"
                  ]
            }
        }
    ]
}