x,y,z,type
21,-50,9,minecraft:mob_spawner
20,-51,-45,minecraft:sculk_sensor
18,-51,-47,minecraft:sculk_catalyst
21,52,-33,minecraft:mob_spawner
-23,-24,-62,minecraft:mob_spawner
13,-46,-55,minecraft:sculk_catalyst
19,-51,-49,minecraft:sculk_sensor
18,-51,-49,minecraft:sculk_sensor
19,-51,-50,minecraft:sculk_shrieker
-78,-37,82,minecraft:mob_spawner
95,-42,-76,minecraft:sculk_sensor
89,-44,-74,minecraft:sculk_sensor
94,-43,-78,minecraft:sculk_sensor
-34,-44,-77,minecraft:mob_spawner
21,-38,105,minecraft:mob_spawner
-59,-9,99,minecraft:mob_spawner
88,-42,-89,minecraft:sculk_sensor
90,-41,-93,minecraft:sculk_sensor
87,-40,-90,minecraft:sculk_sensor
85,-41,-89,minecraft:sculk_sensor
80,-40,-88,minecraft:sculk_sensor
73,-40,-86,minecraft:sculk_sensor
66,-32,-87,minecraft:sculk_sensor
65,-33,-90,minecraft:sculk_sensor
71,-40,-86,minecraft:sculk_sensor
65,-33,-92,minecraft:sculk_sensor
65,-41,-84,minecraft:sculk_sensor
68,-40,-85,minecraft:sculk_sensor
68,-38,-86,minecraft:sculk_sensor
66,-40,-85,minecraft:sculk_shrieker
67,-37,-86,minecraft:sculk_sensor
67,-37,-87,minecraft:sculk_catalyst
54,-49,-91,minecraft:sculk_sensor
58,-24,-88,minecraft:sculk_sensor
55,-49,-94,minecraft:sculk_shrieker
55,-49,-93,minecraft:sculk_sensor
53,-50,-94,minecraft:sculk_catalyst
62,-32,-87,minecraft:sculk_catalyst
62,-33,-92,minecraft:sculk_sensor
33,-37,-88,minecraft:sculk_catalyst
44,-34,-86,minecraft:sculk_catalyst
47,-47,-91,minecraft:sculk_sensor
103,-51,-92,minecraft:sculk_catalyst
108,-51,-87,minecraft:sculk_sensor
109,-52,-88,minecraft:sculk_shrieker
108,-51,-92,minecraft:sculk_shrieker
107,-46,-89,minecraft:sculk_sensor
107,-50,-92,minecraft:sculk_sensor
111,-46,-92,minecraft:sculk_sensor
12,-23,-95,minecraft:mob_spawner
-56,19,-91,minecraft:mob_spawner
-22,-1,117,minecraft:mob_spawner
108,-52,-97,minecraft:sculk_sensor
104,-40,-100,minecraft:sculk_sensor
100,-53,-109,minecraft:sculk_sensor
108,-53,-102,minecraft:sculk_catalyst
103,-38,-101,minecraft:sculk_sensor
106,-52,-110,minecraft:sculk_sensor
88,-54,-97,minecraft:sculk_sensor
95,-52,-112,minecraft:sculk_sensor
56,-49,-97,minecraft:sculk_sensor
121,-40,-99,minecraft:sculk_catalyst
120,-40,-98,minecraft:sculk_sensor
121,-39,-98,minecraft:sculk_sensor
112,-40,-110,minecraft:sculk_catalyst
114,-40,-111,minecraft:sculk_shrieker
115,-43,-99,minecraft:sculk_sensor
121,-35,-97,minecraft:sculk_shrieker
116,-50,-98,minecraft:sculk_sensor
112,-52,-100,minecraft:sculk_sensor
119,-51,-92,minecraft:sculk_sensor
120,-37,-96,minecraft:sculk_sensor
114,-52,-92,minecraft:sculk_sensor
119,-48,-93,minecraft:sculk_sensor
113,-51,-94,minecraft:sculk_sensor
114,-47,-93,minecraft:sculk_sensor
121,-52,-91,minecraft:sculk_sensor
113,-46,-66,minecraft:sculk_catalyst
112,-47,-66,minecraft:sculk_shrieker
114,-42,-68,minecraft:sculk_sensor
113,-43,-68,minecraft:sculk_shrieker
115,-40,-68,minecraft:sculk_shrieker
114,-40,-69,minecraft:sculk_sensor
3,-10,-101,minecraft:mob_spawner
121,30,122,minecraft:mob_spawner
123,-44,-116,minecraft:sculk_sensor
126,-44,-121,minecraft:sculk_shrieker
131,-40,-115,minecraft:sculk_sensor
130,-41,-115,minecraft:sculk_sensor
130,-41,-117,minecraft:sculk_sensor
130,-41,-116,minecraft:sculk_catalyst
129,-42,-118,minecraft:sculk_sensor
128,-43,-118,minecraft:sculk_shrieker
1,-33,-118,minecraft:sculk_catalyst
2,-33,-118,minecraft:sculk_sensor
3,-33,-119,minecraft:sculk_sensor
-10,-34,-122,minecraft:sculk_sensor
-10,-35,-124,minecraft:sculk_catalyst
-15,-41,-127,minecraft:sculk_sensor
-2,-33,-121,minecraft:sculk_sensor
-3,-34,-121,minecraft:sculk_catalyst
-2,-33,-123,minecraft:sculk_sensor
-4,-33,-122,minecraft:sculk_sensor
-7,-32,-120,minecraft:sculk_sensor
-51,-50,-113,minecraft:mob_spawner
117,-28,-144,minecraft:sculk_catalyst
-130,28,-56,minecraft:mob_spawner
-93,-38,149,minecraft:mob_spawner
-11,-41,-130,minecraft:sculk_sensor
159,-50,-84,minecraft:sculk_sensor
153,-51,-81,minecraft:sculk_sensor
158,-52,-81,minecraft:sculk_sensor
154,-53,-77,minecraft:sculk_sensor
5,-25,174,minecraft:mob_spawner
129,-40,-152,minecraft:sculk_sensor
121,-48,-156,minecraft:sculk_sensor
120,-48,-155,minecraft:sculk_sensor
121,-48,-155,minecraft:sculk_sensor
121,-47,-159,minecraft:sculk_catalyst
120,-47,-160,minecraft:sculk_sensor
116,-49,-158,minecraft:sculk_sensor
-49,-37,169,minecraft:mob_spawner
111,-48,-156,minecraft:sculk_sensor
39,-43,-159,minecraft:sculk_catalyst
4,-36,-153,minecraft:sculk_sensor
-9,-39,-146,minecraft:sculk_sensor
-6,-40,-147,minecraft:sculk_sensor
-5,-40,-149,minecraft:sculk_sensor
-10,112,-160,minecraft:beehive
-4,-40,-146,minecraft:sculk_sensor
-33,-11,-155,minecraft:mob_spawner
-37,101,-159,minecraft:beehive
-33,-1,-158,minecraft:mob_spawner
161,-54,-58,minecraft:sculk_sensor
162,-52,-61,minecraft:sculk_sensor
160,-53,-60,minecraft:sculk_sensor
161,-53,-62,minecraft:sculk_catalyst
160,-52,-61,minecraft:sculk_sensor
172,-16,-56,minecraft:mob_spawner
163,-51,-78,minecraft:sculk_sensor
164,-50,-80,minecraft:sculk_sensor
163,-51,-79,minecraft:sculk_sensor
160,-50,-84,minecraft:sculk_sensor
163,-48,-84,minecraft:sculk_sensor
160,-50,-85,minecraft:sculk_shrieker
161,-51,-82,minecraft:sculk_catalyst
163,-35,-100,minecraft:mob_spawner
121,-44,-166,minecraft:sculk_shrieker
122,-45,-162,minecraft:sculk_sensor
117,-48,-161,minecraft:sculk_sensor
122,-44,-165,minecraft:sculk_sensor
123,-43,-166,minecraft:sculk_sensor
106,-29,-168,minecraft:sculk_sensor
25,115,-169,minecraft:beehive
19,-29,-161,minecraft:sculk_sensor
-171,-4,185,minecraft:mob_spawner
59,117,-189,minecraft:beehive
99,-45,-188,minecraft:sculk_sensor
100,-44,-185,minecraft:sculk_sensor
126,-25,-190,minecraft:sculk_sensor
-14,-49,-191,minecraft:sculk_sensor
87,-24,-195,minecraft:sculk_catalyst
85,-23,-196,minecraft:sculk_sensor
58,-28,-202,minecraft:sculk_sensor
60,-23,-199,minecraft:sculk_sensor
56,-25,-200,minecraft:sculk_catalyst
30,-45,-202,minecraft:sculk_sensor
128,-25,-192,minecraft:sculk_sensor
129,-25,-192,minecraft:sculk_sensor
139,-21,-190,minecraft:mob_spawner
-11,-51,-204,minecraft:sculk_sensor
-9,-49,-206,minecraft:sculk_sensor
-8,-49,-206,minecraft:sculk_catalyst
-12,-52,-193,minecraft:sculk_catalyst
119,-29,-196,minecraft:sculk_sensor
127,-23,-195,minecraft:sculk_sensor
129,-23,-193,minecraft:sculk_sensor
155,-31,-208,minecraft:sculk_sensor
-39,-52,-214,minecraft:sculk_catalyst
-46,-50,-210,minecraft:sculk_sensor
-46,-50,-209,minecraft:sculk_sensor
-45,-48,-208,minecraft:sculk_sensor
-32,-51,-215,minecraft:sculk_sensor
-30,-43,-223,minecraft:sculk_sensor
-20,-51,-214,minecraft:sculk_sensor
-27,-43,-220,minecraft:sculk_sensor
-26,-43,-224,minecraft:sculk_sensor
-28,-43,-222,minecraft:sculk_catalyst
-25,-43,-223,minecraft:sculk_sensor
-15,-51,-216,minecraft:sculk_sensor
-5,117,-213,minecraft:beehive
-15,-51,-210,minecraft:sculk_sensor
-15,-51,-209,minecraft:sculk_sensor
10,-38,-212,minecraft:sculk_catalyst
12,-49,-224,minecraft:sculk_sensor
12,-39,-213,minecraft:sculk_catalyst
12,-46,-214,minecraft:sculk_catalyst
10,-46,-216,minecraft:sculk_sensor
9,-46,-214,minecraft:sculk_sensor
11,-50,-218,minecraft:sculk_sensor
19,-51,-218,minecraft:sculk_sensor
18,-51,-217,minecraft:sculk_catalyst
20,-51,-218,minecraft:sculk_sensor
27,-49,-216,minecraft:sculk_catalyst
21,-51,-211,minecraft:sculk_sensor
22,-51,-210,minecraft:sculk_shrieker
39,124,-221,minecraft:beehive
92,114,-210,minecraft:beehive
93,-49,-211,minecraft:sculk_catalyst
127,-34,-213,minecraft:sculk_sensor
127,-34,-212,minecraft:sculk_catalyst
127,-33,-215,minecraft:sculk_sensor
124,-27,-221,minecraft:sculk_sensor
127,-34,-214,minecraft:sculk_sensor
123,-28,-224,minecraft:sculk_sensor
-64,95,-199,cobblemon:berry
-49,-26,-184,minecraft:mob_spawner
24,-48,-236,minecraft:sculk_sensor
18,-51,-232,minecraft:sculk_catalyst
-22,-48,-236,minecraft:sculk_catalyst
0,0,0,<lithium_sleeping>
-2,-51,-235,minecraft:sculk_catalyst
13,-49,-226,minecraft:sculk_sensor
6,-50,-239,minecraft:sculk_sensor
2,-51,-240,minecraft:sculk_shrieker
-43,-44,-232,minecraft:sculk_sensor
-42,-45,-233,minecraft:sculk_sensor
160,-38,-218,minecraft:sculk_catalyst
173,-19,-195,minecraft:mob_spawner
38,-47,-240,minecraft:sculk_sensor
-50,-51,-237,minecraft:sculk_catalyst
-61,-46,-237,minecraft:sculk_sensor
-61,-44,-235,minecraft:sculk_sensor
-58,-46,-237,minecraft:sculk_sensor
-51,-51,-233,minecraft:sculk_sensor
-56,103,-239,cobblemon:berry
120,-29,-225,minecraft:sculk_sensor
139,109,-226,cobblemon:berry
139,108,-227,cobblemon:berry
137,110,-227,cobblemon:berry
138,109,-227,cobblemon:berry
166,96,-226,cobblemon:berry
166,96,-225,cobblemon:berry
166,96,-227,cobblemon:berry
-66,95,-199,cobblemon:berry
9,-49,-253,minecraft:sculk_sensor
9,-48,-252,minecraft:sculk_sensor
6,-51,-251,minecraft:sculk_sensor
8,-49,-250,minecraft:sculk_sensor
6,-51,-250,minecraft:sculk_sensor
11,-50,-245,minecraft:sculk_sensor
6,-51,-245,minecraft:sculk_sensor
7,-50,-245,minecraft:sculk_sensor
10,-49,-246,minecraft:sculk_sensor
12,-48,-247,minecraft:sculk_sensor
4,-51,-247,minecraft:sculk_sensor
12,-46,-248,minecraft:sculk_sensor
3,-51,-243,minecraft:sculk_catalyst
25,-49,-256,minecraft:sculk_catalyst
30,-44,-255,minecraft:sculk_sensor
17,-51,-253,minecraft:sculk_catalyst
38,-46,-246,minecraft:sculk_sensor
38,-45,-244,minecraft:sculk_shrieker
43,-51,-245,minecraft:sculk_sensor
40,-49,-245,minecraft:sculk_shrieker
45,-51,-252,minecraft:sculk_sensor
42,-49,-245,minecraft:sculk_sensor
41,-51,-245,minecraft:sculk_sensor
42,-51,-253,minecraft:sculk_sensor
46,-50,-256,minecraft:sculk_sensor
37,-51,-247,minecraft:sculk_sensor
40,-49,-247,minecraft:sculk_sensor
-6,-48,-252,minecraft:sculk_sensor
-8,-49,-242,minecraft:sculk_catalyst
-9,-45,-242,minecraft:sculk_sensor
-23,-44,-252,minecraft:sculk_sensor
-21,-44,-252,minecraft:sculk_sensor
-26,-44,-253,minecraft:sculk_sensor
-32,116,-246,minecraft:beehive
-26,-44,-252,minecraft:sculk_sensor
107,111,-248,cobblemon:berry
105,111,-248,cobblemon:berry
105,111,-247,cobblemon:berry
48,-44,-255,minecraft:sculk_sensor
49,-44,-255,minecraft:sculk_sensor
55,119,-248,minecraft:beehive
59,-42,-253,minecraft:sculk_catalyst
51,-38,-256,minecraft:sculk_sensor
48,-50,-256,minecraft:sculk_catalyst
-55,-51,-256,minecraft:sculk_sensor
-63,-46,-241,minecraft:sculk_sensor
-60,-51,-248,minecraft:sculk_catalyst
-50,-45,-252,minecraft:sculk_sensor
-50,-51,-253,minecraft:sculk_sensor
-56,103,-241,cobblemon:berry
-49,-50,-255,minecraft:sculk_sensor
-43,-44,-248,minecraft:sculk_sensor
-43,-45,-247,minecraft:sculk_shrieker
-44,-45,-246,minecraft:sculk_sensor
-41,-51,-255,minecraft:sculk_sensor
183,91,-203,cobblemon:berry
183,91,-204,cobblemon:berry
183,91,-202,cobblemon:berry
185,91,-204,cobblemon:berry
146,-50,-253,minecraft:sculk_catalyst
170,-47,-256,minecraft:sculk_sensor
173,-52,-248,minecraft:sculk_sensor
174,-50,-250,minecraft:sculk_sensor
161,-53,-255,minecraft:sculk_sensor
172,-52,-249,minecraft:sculk_sensor
174,-49,-252,minecraft:sculk_sensor
169,-53,-251,minecraft:sculk_catalyst
-65,-51,-248,minecraft:sculk_sensor
-1,-51,-267,minecraft:sculk_catalyst
14,-24,-263,minecraft:sculk_sensor
6,-51,-257,minecraft:sculk_sensor
14,-49,-262,minecraft:sculk_sensor
7,-51,-257,minecraft:sculk_sensor
9,-24,-264,minecraft:sculk_catalyst
13,-50,-261,minecraft:sculk_sensor
13,-49,-263,minecraft:sculk_shrieker
9,-48,-258,minecraft:sculk_sensor
2,-51,-261,minecraft:sculk_sensor
7,-51,-263,minecraft:sculk_sensor
2,-51,-265,minecraft:sculk_sensor
1,-52,-265,minecraft:sculk_catalyst
1,-51,-266,minecraft:sculk_sensor
2,-51,-266,minecraft:sculk_sensor
23,-45,-265,minecraft:sculk_sensor
27,-44,-268,minecraft:sculk_sensor
24,-44,-269,minecraft:sculk_sensor
47,-52,-266,minecraft:sculk_catalyst
39,-38,-260,minecraft:sculk_sensor
44,-49,-258,minecraft:sculk_sensor
45,-51,-268,minecraft:sculk_sensor
39,-38,-264,minecraft:sculk_sensor
46,-51,-267,minecraft:sculk_sensor
39,-38,-263,minecraft:sculk_sensor
41,-39,-266,minecraft:sculk_sensor
50,-51,-269,minecraft:sculk_sensor
48,-51,-266,minecraft:sculk_sensor
52,-51,-269,minecraft:sculk_sensor
54,-38,-261,minecraft:sculk_sensor
53,-39,-266,minecraft:sculk_sensor
112,-46,-263,minecraft:sculk_sensor
108,-42,-266,minecraft:sculk_shrieker
-31,-39,-272,minecraft:sculk_shrieker
-28,-39,-263,minecraft:sculk_sensor
-29,-38,-260,minecraft:sculk_sensor
-29,-38,-259,minecraft:sculk_sensor
-30,-50,-260,minecraft:sculk_sensor
-30,-50,-259,minecraft:sculk_sensor
-28,-50,-260,minecraft:sculk_catalyst
-27,-50,-260,minecraft:sculk_sensor
-35,114,-271,minecraft:beehive
-42,-51,-257,minecraft:sculk_shrieker
-47,-49,-265,minecraft:sculk_catalyst
-55,-51,-257,minecraft:sculk_sensor
-96,106,-261,minecraft:beehive
-87,102,-242,minecraft:beehive
200,-49,-224,minecraft:sculk_sensor
201,-48,-227,minecraft:sculk_sensor
200,-47,-231,minecraft:sculk_sensor
210,-49,-167,minecraft:sculk_sensor
221,-43,-164,minecraft:sculk_sensor
213,-51,-160,minecraft:sculk_sensor
220,-54,-152,minecraft:sculk_sensor
235,-17,-116,minecraft:mob_spawner
241,87,-102,cobblemon:berry
242,87,-103,cobblemon:berry
240,86,-102,cobblemon:berry
242,87,-102,cobblemon:berry
240,87,-104,cobblemon:berry
268,-32,-38,minecraft:mob_spawner
271,-24,-63,minecraft:mob_spawner
257,-52,-73,minecraft:sculk_sensor
262,-54,-73,minecraft:sculk_shrieker
256,-54,-82,minecraft:sculk_sensor
258,-53,-85,minecraft:sculk_sensor
238,43,155,minecraft:mob_spawner
229,-39,-175,minecraft:sculk_sensor
225,-51,-165,minecraft:sculk_shrieker
224,-41,-170,minecraft:sculk_shrieker
224,-41,-171,minecraft:sculk_catalyst
226,-37,-174,minecraft:sculk_sensor
239,-53,-169,minecraft:sculk_sensor
224,-44,-167,minecraft:sculk_sensor
225,-44,-169,minecraft:sculk_catalyst
227,-44,-169,minecraft:sculk_sensor
225,-42,-170,minecraft:sculk_sensor
230,-51,-166,minecraft:sculk_sensor
278,-53,-77,minecraft:sculk_catalyst
276,-53,-79,minecraft:sculk_sensor
275,-54,-79,minecraft:sculk_catalyst
274,-53,-79,minecraft:sculk_sensor
275,-53,-80,minecraft:sculk_sensor
278,-51,-80,minecraft:sculk_sensor
290,-12,-98,minecraft:sculk_sensor
291,-12,-103,minecraft:sculk_sensor
297,-10,-107,minecraft:sculk_sensor
301,-29,-93,minecraft:sculk_sensor
300,-27,-93,minecraft:sculk_sensor
301,-28,-94,minecraft:sculk_sensor
300,-34,-83,minecraft:sculk_sensor
300,-27,-92,minecraft:sculk_sensor
302,-31,-87,minecraft:sculk_sensor
301,-31,-88,minecraft:sculk_sensor
299,-26,-85,minecraft:sculk_sensor
300,-29,-88,minecraft:sculk_sensor
300,-41,-77,minecraft:sculk_sensor
317,-4,-96,minecraft:sculk_sensor
308,-18,-111,minecraft:sculk_catalyst
307,-9,-108,minecraft:sculk_sensor
294,-46,-118,minecraft:sculk_sensor
300,-12,-122,minecraft:sculk_catalyst
295,-47,-119,minecraft:sculk_sensor
300,-11,-123,minecraft:sculk_sensor
297,-45,-123,minecraft:sculk_sensor
302,-12,-113,minecraft:sculk_sensor
296,-49,-115,minecraft:sculk_sensor
307,-13,-114,minecraft:sculk_sensor
309,-48,-127,minecraft:sculk_sensor
306,-49,-127,minecraft:sculk_catalyst
309,-50,-117,minecraft:sculk_sensor
308,-45,-126,minecraft:sculk_sensor
306,-45,-127,minecraft:sculk_sensor
308,-50,-117,minecraft:sculk_sensor
329,-13,35,minecraft:mob_spawner
334,-34,-11,minecraft:sculk_catalyst
335,111,-12,cobblemon:berry
324,-41,-97,minecraft:sculk_sensor
333,-21,-101,minecraft:sculk_catalyst
327,-51,-101,minecraft:sculk_catalyst
323,-6,-77,minecraft:sculk_sensor
325,134,-77,cobblemon:berry
325,134,-76,cobblemon:berry
324,134,-78,cobblemon:berry
325,134,-78,cobblemon:berry
324,-52,-57,minecraft:sculk_sensor
322,-51,-54,minecraft:sculk_sensor
331,-52,-53,minecraft:sculk_sensor
331,-53,-58,minecraft:sculk_shrieker
328,-52,-55,minecraft:sculk_shrieker
328,-54,-57,minecraft:sculk_catalyst
327,-52,-54,minecraft:sculk_catalyst
330,-36,-58,minecraft:sculk_sensor
329,-53,-58,minecraft:sculk_sensor
326,-52,-56,minecraft:sculk_sensor
343,-31,-72,minecraft:sculk_catalyst
343,-31,-74,minecraft:sculk_catalyst
343,-31,-73,minecraft:sculk_sensor
342,-30,-73,minecraft:sculk_sensor
341,-30,-72,minecraft:sculk_sensor
339,-29,-71,minecraft:sculk_sensor
336,-51,-56,minecraft:sculk_sensor
344,-50,-49,minecraft:sculk_sensor
344,-50,-50,minecraft:sculk_sensor
340,-50,-54,minecraft:sculk_sensor
339,-49,-34,minecraft:sculk_catalyst
349,-42,-17,minecraft:sculk_catalyst
337,111,-11,cobblemon:berry
336,111,-13,cobblemon:berry
343,-16,-106,minecraft:sculk_sensor
339,-51,-108,minecraft:sculk_shrieker
350,-51,-103,minecraft:sculk_sensor
349,-51,-101,minecraft:sculk_sensor
351,-21,-108,minecraft:sculk_catalyst
349,-51,-103,minecraft:sculk_sensor
349,-20,-107,minecraft:sculk_sensor
350,-14,-102,minecraft:sculk_sensor
351,-18,-106,minecraft:sculk_sensor
350,-21,-108,minecraft:sculk_sensor
344,-15,-99,minecraft:sculk_sensor
341,-48,-97,minecraft:sculk_catalyst
340,-50,-99,minecraft:sculk_sensor
344,-15,-100,minecraft:sculk_sensor
345,-15,-101,minecraft:sculk_sensor
342,-46,-97,minecraft:sculk_sensor
340,-49,-98,minecraft:sculk_sensor
348,-18,-107,minecraft:sculk_sensor
346,-17,-107,minecraft:sculk_sensor
346,-16,-106,minecraft:sculk_sensor
348,-35,-113,minecraft:sculk_sensor
349,-32,-113,minecraft:sculk_sensor
348,-33,-113,minecraft:sculk_sensor
347,-34,-113,minecraft:sculk_sensor
350,-32,-113,minecraft:sculk_sensor
345,3,-126,minecraft:sculk_sensor
292,-34,-137,minecraft:sculk_sensor
292,-41,-144,minecraft:sculk_sensor
289,125,-136,cobblemon:berry
290,125,-137,cobblemon:berry
288,123,-136,cobblemon:berry
288,124,-138,cobblemon:berry
288,124,-137,cobblemon:berry
301,-39,-132,minecraft:sculk_catalyst
295,-39,-132,minecraft:sculk_sensor
294,-40,-131,minecraft:sculk_sensor
293,-39,-131,minecraft:sculk_sensor
292,-39,-130,minecraft:sculk_catalyst
292,-37,-133,minecraft:sculk_sensor
295,-35,-134,minecraft:sculk_catalyst
316,-50,-144,minecraft:sculk_catalyst
314,-49,-133,minecraft:sculk_sensor
310,-26,-140,minecraft:sculk_sensor
312,-49,-133,minecraft:sculk_sensor
318,-45,-134,minecraft:sculk_sensor
315,-44,-133,minecraft:sculk_sensor
322,134,-130,cobblemon:berry
324,134,-132,cobblemon:berry
322,134,-131,cobblemon:berry
323,134,-132,cobblemon:berry
350,10,-133,minecraft:sculk_sensor
347,19,-137,minecraft:sculk_sensor
351,12,-135,minecraft:sculk_catalyst
350,12,-136,minecraft:sculk_sensor
350,-21,-138,minecraft:sculk_sensor
349,12,-134,minecraft:sculk_shrieker
350,12,-138,minecraft:sculk_sensor
350,-18,-140,minecraft:sculk_sensor
351,11,-130,minecraft:sculk_sensor
345,-51,-137,minecraft:sculk_catalyst
350,10,-132,minecraft:sculk_sensor
365,-46,-113,minecraft:sculk_sensor
362,-45,-126,minecraft:sculk_sensor
362,-44,-127,minecraft:sculk_sensor
365,-46,-116,minecraft:sculk_sensor
353,-43,-110,minecraft:sculk_shrieker
366,-48,-112,minecraft:sculk_sensor
352,-14,-102,minecraft:sculk_sensor
353,-43,-108,minecraft:sculk_sensor
352,-43,-107,minecraft:sculk_sensor
354,-33,-93,minecraft:sculk_sensor
361,-37,-52,minecraft:sculk_catalyst
361,-36,-54,minecraft:sculk_sensor
356,-37,-56,minecraft:sculk_sensor
359,-40,-62,minecraft:sculk_sensor
356,-37,-57,minecraft:sculk_sensor
353,-42,-39,minecraft:sculk_sensor
353,-42,-41,minecraft:sculk_sensor
352,-42,-41,minecraft:sculk_sensor
362,-34,-31,minecraft:sculk_sensor
366,-39,-26,minecraft:sculk_sensor
362,-38,-23,minecraft:sculk_sensor
361,-38,-22,minecraft:sculk_sensor
353,-43,-20,minecraft:sculk_sensor
365,-40,-30,minecraft:sculk_catalyst
361,-38,-24,minecraft:sculk_sensor
355,-38,-11,minecraft:sculk_sensor
355,-39,-13,minecraft:sculk_sensor
356,-40,-11,minecraft:sculk_catalyst
364,-1,173,minecraft:mob_spawner
286,-41,-159,minecraft:sculk_sensor
292,-48,-152,minecraft:sculk_sensor
292,-47,-151,minecraft:sculk_sensor
293,-54,-147,minecraft:sculk_catalyst
293,-51,-145,minecraft:sculk_sensor
292,-54,-148,minecraft:sculk_sensor
285,-36,-161,minecraft:sculk_catalyst
295,-43,-165,minecraft:sculk_sensor
296,-43,-167,minecraft:sculk_sensor
299,-43,-170,minecraft:sculk_sensor
296,-43,-164,minecraft:sculk_sensor
302,-43,-168,minecraft:sculk_sensor
230,-47,-191,minecraft:sculk_sensor
245,-39,-180,minecraft:sculk_sensor
240,-46,-185,minecraft:sculk_sensor
246,-48,-177,minecraft:sculk_sensor
243,-39,-179,minecraft:sculk_sensor
230,-43,-196,minecraft:sculk_sensor
231,-43,-195,minecraft:sculk_sensor
229,-44,-195,minecraft:sculk_sensor
229,-46,-194,minecraft:sculk_sensor
230,-46,-193,minecraft:sculk_sensor
-71,-49,-284,minecraft:sculk_sensor
-65,-48,-287,minecraft:sculk_sensor
-67,-51,-282,minecraft:sculk_sensor
-65,-50,-284,minecraft:sculk_sensor
-60,-49,-279,minecraft:sculk_sensor
-60,-49,-275,minecraft:sculk_sensor
-59,-49,-276,minecraft:sculk_sensor
-60,-49,-276,minecraft:sculk_catalyst
-58,-49,-274,minecraft:sculk_shrieker
-35,-52,-279,minecraft:sculk_catalyst
-34,-50,-280,minecraft:sculk_sensor
-33,-50,-282,minecraft:sculk_sensor
-31,-40,-274,minecraft:sculk_sensor
-30,-39,-274,minecraft:sculk_sensor
-21,-50,-279,minecraft:sculk_catalyst
-16,-43,-288,minecraft:sculk_sensor
-5,116,-284,cobblemon:berry
-1,-26,-287,minecraft:sculk_catalyst
-7,116,-283,cobblemon:berry
-5,116,-283,cobblemon:berry
4,-51,-286,minecraft:sculk_shrieker
0,-51,-282,minecraft:sculk_sensor
5,-51,-281,minecraft:sculk_shrieker
0,-51,-279,minecraft:sculk_catalyst
0,-50,-287,minecraft:sculk_catalyst
5,-51,-277,minecraft:sculk_shrieker
1,-51,-273,minecraft:sculk_sensor
5,-51,-279,minecraft:sculk_sensor
4,-52,-279,minecraft:sculk_catalyst
3,-51,-287,minecraft:sculk_sensor
2,-51,-287,minecraft:sculk_shrieker
26,-43,-284,minecraft:sculk_sensor
28,-42,-286,minecraft:sculk_sensor
27,-43,-286,minecraft:sculk_sensor
23,-43,-287,minecraft:sculk_sensor
22,-46,-286,minecraft:sculk_sensor
25,-43,-288,minecraft:sculk_catalyst
45,-50,-278,minecraft:sculk_sensor
44,-50,-283,minecraft:sculk_shrieker
34,-46,-285,minecraft:sculk_sensor
34,-46,-287,minecraft:sculk_sensor
34,-46,-288,minecraft:sculk_catalyst
44,-50,-280,minecraft:sculk_catalyst
78,-22,-286,minecraft:sculk_sensor
90,-47,-282,minecraft:sculk_sensor
91,-47,-280,minecraft:sculk_sensor
89,-46,-277,minecraft:sculk_sensor
95,-50,-288,minecraft:sculk_catalyst
90,-47,-281,minecraft:sculk_catalyst
110,-47,-287,minecraft:sculk_sensor
109,-45,-285,minecraft:sculk_sensor
109,-46,-286,minecraft:sculk_catalyst
104,-30,-273,minecraft:sculk_shrieker
117,-50,-281,minecraft:sculk_shrieker
199,-52,-281,minecraft:sculk_sensor
200,-54,-280,minecraft:sculk_sensor
113,117,-293,minecraft:beehive
17,-40,-300,minecraft:sculk_sensor
17,-40,-294,minecraft:sculk_sensor
14,121,-296,minecraft:beehive
114,-45,-294,minecraft:sculk_sensor
113,-45,-294,minecraft:sculk_sensor
117,-46,-294,minecraft:sculk_sensor
112,-49,-293,minecraft:sculk_catalyst
116,-49,-290,minecraft:sculk_sensor
113,-50,-289,minecraft:sculk_sensor
116,-49,-291,minecraft:sculk_shrieker
132,-45,-294,minecraft:sculk_sensor
129,-47,-294,minecraft:sculk_sensor
133,-45,-294,minecraft:sculk_sensor
131,-51,-294,minecraft:sculk_sensor
182,-32,-294,minecraft:sculk_catalyst
72,-49,-302,minecraft:sculk_sensor
73,-45,-301,minecraft:sculk_sensor
76,-51,-295,minecraft:sculk_sensor
68,-37,-289,minecraft:sculk_sensor
72,-45,-301,minecraft:sculk_sensor
78,-22,-293,minecraft:sculk_sensor
74,-51,-298,minecraft:sculk_sensor
76,-51,-300,minecraft:sculk_shrieker
76,-51,-296,minecraft:sculk_sensor
81,-51,-296,minecraft:sculk_sensor
81,-48,-302,minecraft:sculk_sensor
88,-51,-296,minecraft:sculk_shrieker
81,-22,-293,minecraft:sculk_shrieker
80,-22,-292,minecraft:sculk_catalyst
90,-51,-296,minecraft:sculk_shrieker
88,-51,-294,minecraft:sculk_sensor
48,-46,-302,minecraft:sculk_catalyst
44,-14,-290,minecraft:sculk_sensor
35,-49,-300,minecraft:sculk_sensor
34,-32,-292,minecraft:sculk_sensor
-83,53,-290,minecraft:mob_spawner
-65,-46,-290,minecraft:sculk_sensor
-65,-47,-293,minecraft:sculk_sensor
-59,-51,-296,minecraft:sculk_catalyst
-25,-50,-296,minecraft:sculk_sensor
-26,-50,-296,minecraft:sculk_catalyst
-28,-45,-300,minecraft:sculk_shrieker
-7,-44,-302,minecraft:sculk_sensor
-7,-44,-303,minecraft:sculk_sensor
-8,-44,-303,minecraft:sculk_shrieker
13,-51,-296,minecraft:sculk_sensor
2,-51,-291,minecraft:sculk_sensor
12,-51,-297,minecraft:sculk_sensor
13,-50,-298,minecraft:sculk_sensor
15,-46,-297,minecraft:sculk_shrieker
15,-47,-298,minecraft:sculk_sensor
16,-38,-299,minecraft:sculk_sensor
18,-38,-299,minecraft:sculk_sensor
19,-45,-301,minecraft:sculk_sensor
16,-46,-302,minecraft:sculk_sensor
19,-43,-298,minecraft:sculk_sensor
26,-49,-308,minecraft:sculk_sensor
15,-45,-308,minecraft:sculk_sensor
125,-48,-308,minecraft:sculk_sensor
121,-51,-313,minecraft:sculk_sensor
117,-48,-308,minecraft:sculk_sensor
123,-48,-308,minecraft:sculk_shrieker
115,-50,-320,minecraft:sculk_catalyst
120,-49,-308,minecraft:sculk_catalyst
128,-47,-320,minecraft:sculk_shrieker
130,-45,-318,minecraft:sculk_sensor
129,-45,-318,minecraft:sculk_sensor
129,-47,-320,minecraft:sculk_sensor
132,-47,-318,minecraft:sculk_sensor
82,-51,-315,minecraft:sculk_catalyst
86,-47,-316,minecraft:sculk_sensor
80,-51,-308,minecraft:sculk_sensor
86,-50,-316,minecraft:sculk_sensor
85,-45,-305,minecraft:sculk_catalyst
85,-45,-316,minecraft:sculk_sensor
84,-45,-317,minecraft:sculk_shrieker
81,-50,-319,minecraft:sculk_sensor
76,-51,-309,minecraft:sculk_catalyst
78,-51,-307,minecraft:sculk_sensor
79,-51,-309,minecraft:sculk_sensor
71,-48,-308,minecraft:sculk_catalyst
74,-51,-310,minecraft:sculk_sensor
74,-51,-313,minecraft:sculk_sensor
8,-46,-311,minecraft:sculk_sensor
31,-21,-315,minecraft:sculk_sensor
30,-21,-315,minecraft:sculk_catalyst
30,-21,-316,minecraft:sculk_sensor
47,-50,-312,minecraft:sculk_catalyst
34,-21,-313,minecraft:sculk_sensor
51,-45,-309,minecraft:sculk_sensor
53,-45,-309,minecraft:sculk_shrieker
53,-49,-308,minecraft:sculk_sensor
-44,-45,-308,minecraft:sculk_sensor
-43,-48,-307,minecraft:sculk_sensor
-37,-42,-320,minecraft:sculk_sensor
-29,-51,-312,minecraft:sculk_sensor
-20,-50,-320,minecraft:sculk_sensor
-26,-49,-305,minecraft:sculk_sensor
0,0,0,<lithium_sleeping>
108,-51,-324,minecraft:sculk_sensor
107,-51,-326,minecraft:sculk_sensor
108,-51,-321,minecraft:sculk_sensor
108,-51,-323,minecraft:sculk_sensor
98,-47,-326,minecraft:sculk_catalyst
101,-47,-331,minecraft:sculk_sensor
103,-48,-334,minecraft:sculk_sensor
99,-47,-330,minecraft:sculk_catalyst
99,-47,-324,minecraft:sculk_shrieker
99,-48,-326,minecraft:sculk_sensor
100,-47,-326,minecraft:sculk_shrieker
99,-47,-331,minecraft:sculk_sensor
98,-47,-331,minecraft:sculk_sensor
103,-44,-333,minecraft:sculk_sensor
102,-44,-334,minecraft:sculk_shrieker
85,-47,-329,minecraft:sculk_sensor
87,-47,-331,minecraft:sculk_shrieker
85,-49,-331,minecraft:sculk_sensor
80,-50,-327,minecraft:sculk_sensor
83,-51,-332,minecraft:sculk_sensor
83,-45,-328,minecraft:sculk_sensor
81,-50,-324,minecraft:sculk_shrieker
85,-47,-327,minecraft:sculk_sensor
86,-47,-329,minecraft:sculk_catalyst
82,-42,-330,minecraft:sculk_sensor
83,-45,-329,minecraft:sculk_sensor
80,-47,-329,minecraft:sculk_sensor
80,-47,-330,minecraft:sculk_sensor
93,-47,-323,minecraft:sculk_sensor
91,-47,-322,minecraft:sculk_catalyst
81,-50,-321,minecraft:sculk_sensor
82,-54,-327,minecraft:sculk_shrieker
80,-50,-322,minecraft:sculk_sensor
92,-47,-324,minecraft:sculk_shrieker
90,-48,-324,minecraft:sculk_sensor
77,-42,-329,minecraft:sculk_sensor
77,-42,-330,minecraft:sculk_sensor
78,-41,-330,minecraft:sculk_sensor
78,-47,-330,minecraft:sculk_sensor
79,-49,-330,minecraft:sculk_sensor
23,-43,-323,minecraft:sculk_sensor
22,-46,-324,minecraft:sculk_sensor
-92,104,-322,cobblemon:berry
-91,104,-323,cobblemon:berry
-91,104,-324,cobblemon:berry
-93,104,-324,cobblemon:berry
-24,-51,-323,minecraft:sculk_catalyst
-21,-45,-331,minecraft:sculk_sensor
-16,-51,-326,minecraft:sculk_catalyst
-9,-48,-326,minecraft:sculk_shrieker
6,-49,-325,minecraft:sculk_catalyst
2,-51,-324,minecraft:sculk_catalyst
236,95,-318,cobblemon:berry
238,94,-318,cobblemon:berry
236,95,-317,cobblemon:berry
238,94,-316,cobblemon:berry
261,92,-235,cobblemon:berry
261,92,-234,cobblemon:berry
262,92,-235,cobblemon:berry
261,92,-233,cobblemon:berry
-115,111,-272,minecraft:beehive
46,-50,-349,minecraft:sculk_sensor
45,-50,-344,minecraft:sculk_shrieker
45,-50,-346,minecraft:sculk_catalyst
52,-47,-341,minecraft:sculk_sensor
53,-48,-341,minecraft:sculk_sensor
-61,-50,-352,minecraft:sculk_shrieker
-68,-47,-357,minecraft:sculk_sensor
-70,-47,-357,minecraft:sculk_shrieker
-70,-47,-356,minecraft:sculk_sensor
-189,73,-356,minecraft:beehive
-54,17,-417,minecraft:mob_spawner
-252,-41,-354,minecraft:mob_spawner
-254,63,-215,cobblemon:berry
-253,63,-215,cobblemon:berry
-254,63,-217,cobblemon:berry
-253,63,-217,cobblemon:berry
-254,63,-216,cobblemon:berry
-281,77,-366,minecraft:mob_spawner
-274,64,-194,cobblemon:berry
-273,64,-195,cobblemon:berry
-275,64,-196,cobblemon:berry
-273,64,-196,cobblemon:berry
-275,64,-195,cobblemon:berry
-300,63,-192,cobblemon:berry
-298,63,-192,cobblemon:berry
-300,63,-190,cobblemon:berry
-299,63,-192,cobblemon:berry
-300,63,-191,cobblemon:berry
-316,113,-339,minecraft:beehive
-313,1,-356,minecraft:mob_spawner
-257,88,-158,cobblemon:berry
-258,87,-159,cobblemon:berry
-259,87,-159,cobblemon:berry
-346,88,-104,cobblemon:berry
-348,88,-104,cobblemon:berry
-346,88,-106,cobblemon:berry
-348,88,-106,cobblemon:berry
-347,88,-106,cobblemon:berry
-365,81,-363,minecraft:beehive
-306,75,-68,cobblemon:berry
-305,76,-68,cobblemon:berry
-307,75,-69,cobblemon:berry
-307,76,-70,cobblemon:berry
-179,-28,-50,minecraft:mob_spawner
-284,-32,-39,minecraft:mob_spawner
-273,71,-19,minecraft:beehive
-319,-32,-23,minecraft:mob_spawner
-286,63,-6,cobblemon:berry
-288,63,-6,cobblemon:berry
207,-40,-348,minecraft:sculk_sensor
203,-41,-350,minecraft:sculk_catalyst
201,-44,-354,minecraft:sculk_sensor
200,-44,-353,minecraft:sculk_sensor
199,-45,-355,minecraft:sculk_shrieker
203,-43,-353,minecraft:sculk_sensor
204,-45,-356,minecraft:sculk_sensor
212,-43,-352,minecraft:sculk_sensor
209,-42,-351,minecraft:sculk_sensor
218,-42,-356,minecraft:sculk_sensor
217,-42,-355,minecraft:sculk_catalyst
248,90,-348,cobblemon:berry
247,90,-348,cobblemon:berry
249,90,-347,cobblemon:berry
249,89,-348,cobblemon:berry
249,90,-346,cobblemon:berry
263,72,-365,cobblemon:berry
263,72,-364,cobblemon:berry
263,72,-363,cobblemon:berry
263,72,-362,cobblemon:berry
280,8,-226,minecraft:mob_spawner
286,62,-212,minecraft:mob_spawner
284,-52,-247,minecraft:sculk_sensor
283,-54,-251,minecraft:sculk_sensor
283,-54,-250,minecraft:sculk_catalyst
281,-50,-251,minecraft:sculk_sensor
277,-53,-288,minecraft:sculk_sensor
282,-46,-203,minecraft:sculk_sensor
272,-47,-194,minecraft:sculk_catalyst
285,-45,-203,minecraft:sculk_sensor
296,96,-239,cobblemon:berry
296,95,-240,cobblemon:berry
297,95,-240,cobblemon:berry
298,96,-239,cobblemon:berry
298,95,-240,cobblemon:berry
293,-43,-203,minecraft:sculk_sensor
294,-43,-202,minecraft:sculk_sensor
294,-37,-196,minecraft:sculk_sensor
288,-44,-202,minecraft:sculk_shrieker
302,-50,-184,minecraft:sculk_shrieker
303,-50,-183,minecraft:sculk_catalyst
291,-30,-188,minecraft:sculk_sensor
296,-39,-191,minecraft:sculk_sensor
316,-49,-245,minecraft:sculk_sensor
313,-50,-243,minecraft:sculk_sensor
312,-47,-243,minecraft:sculk_shrieker
310,-49,-243,minecraft:sculk_catalyst
311,-50,-243,minecraft:sculk_sensor
309,-48,-245,minecraft:sculk_sensor
309,-50,-246,minecraft:sculk_sensor
314,-53,-212,minecraft:sculk_sensor
316,-44,-204,minecraft:sculk_sensor
311,-30,-199,minecraft:sculk_catalyst
311,-29,-198,minecraft:sculk_sensor
315,-45,-207,minecraft:sculk_sensor
315,-45,-205,minecraft:sculk_catalyst
312,-29,-197,minecraft:sculk_sensor
313,-29,-195,minecraft:sculk_sensor
319,-45,-180,minecraft:sculk_sensor
316,-44,-177,minecraft:sculk_sensor
316,-45,-182,minecraft:sculk_sensor
307,-51,-179,minecraft:sculk_sensor
315,-45,-182,minecraft:sculk_sensor
317,-43,-336,minecraft:sculk_catalyst
314,-45,-336,minecraft:sculk_catalyst
313,-44,-335,minecraft:sculk_sensor
318,-44,-348,minecraft:sculk_sensor
318,-43,-346,minecraft:sculk_sensor
317,-41,-343,minecraft:sculk_sensor
318,-44,-349,minecraft:sculk_catalyst
319,-43,-346,minecraft:sculk_sensor
319,-42,-345,minecraft:sculk_sensor
318,-44,-345,minecraft:sculk_catalyst
315,-44,-337,minecraft:sculk_sensor
314,-44,-337,minecraft:sculk_sensor
322,-53,-315,minecraft:sculk_sensor
328,-44,-263,minecraft:sculk_sensor
335,-47,-261,minecraft:sculk_catalyst
332,-51,-365,minecraft:sculk_sensor
320,-51,-242,minecraft:sculk_sensor
334,-51,-212,minecraft:sculk_sensor
335,-49,-219,minecraft:sculk_catalyst
333,-47,-219,minecraft:sculk_sensor
324,-49,-207,minecraft:sculk_sensor
339,-53,-269,minecraft:sculk_catalyst
351,-48,-250,minecraft:sculk_catalyst
336,-46,-225,minecraft:sculk_sensor
351,-43,-237,minecraft:sculk_sensor
341,-50,-236,minecraft:sculk_sensor
337,-50,-237,minecraft:sculk_sensor
348,-33,-230,minecraft:sculk_sensor
348,-51,-225,minecraft:sculk_catalyst
347,-51,-227,minecraft:sculk_sensor
345,-48,-229,minecraft:sculk_sensor
345,-47,-228,minecraft:sculk_catalyst
349,-50,-235,minecraft:sculk_shrieker
344,-45,-228,minecraft:sculk_sensor
344,-47,-229,minecraft:sculk_sensor
346,-46,-230,minecraft:sculk_sensor
347,-51,-236,minecraft:sculk_catalyst
339,-46,-217,minecraft:sculk_catalyst
340,-50,-221,minecraft:sculk_catalyst
340,-46,-217,minecraft:sculk_sensor
339,-46,-216,minecraft:sculk_sensor
341,-46,-223,minecraft:sculk_sensor
340,-46,-224,minecraft:sculk_sensor
340,-46,-223,minecraft:sculk_catalyst
347,-45,-208,minecraft:sculk_sensor
345,-45,-206,minecraft:sculk_shrieker
348,-45,-208,minecraft:sculk_shrieker
343,-45,-208,minecraft:sculk_sensor
345,-44,-208,minecraft:sculk_catalyst
345,-45,-208,minecraft:sculk_catalyst
360,-47,-251,minecraft:sculk_sensor
356,-48,-252,minecraft:sculk_sensor
356,-48,-251,minecraft:sculk_sensor
363,-50,-249,minecraft:sculk_catalyst
356,-41,-248,minecraft:sculk_catalyst
364,-50,-248,minecraft:sculk_sensor
354,-50,-254,minecraft:sculk_sensor
354,-48,-251,minecraft:sculk_catalyst
363,-49,-251,minecraft:sculk_sensor
353,-41,-248,minecraft:sculk_sensor
363,-49,-250,minecraft:sculk_sensor
353,-42,-230,minecraft:sculk_sensor
365,-9,-230,minecraft:sculk_sensor
355,-51,-227,minecraft:sculk_sensor
360,-50,-221,minecraft:sculk_sensor
367,-13,-223,minecraft:sculk_sensor
357,-50,-217,minecraft:sculk_sensor
367,-13,-222,minecraft:sculk_sensor
356,-51,-223,minecraft:sculk_catalyst
365,-13,-223,minecraft:sculk_catalyst
359,-50,-222,minecraft:sculk_sensor
367,-12,-224,minecraft:sculk_sensor
366,-51,-220,minecraft:sculk_sensor
367,-14,-221,minecraft:sculk_sensor
352,-50,-223,minecraft:sculk_sensor
364,-49,-306,minecraft:sculk_sensor
366,-48,-319,minecraft:sculk_sensor
367,-51,-308,minecraft:sculk_sensor
365,-50,-306,minecraft:sculk_sensor
364,-49,-305,minecraft:sculk_sensor
366,-51,-305,minecraft:sculk_sensor
369,92,-314,cobblemon:berry
368,92,-314,cobblemon:berry
371,-48,-313,minecraft:sculk_sensor
383,-47,-308,minecraft:sculk_sensor
368,92,-312,cobblemon:berry
369,92,-313,cobblemon:berry
374,-52,-311,minecraft:sculk_catalyst
383,-47,-312,minecraft:sculk_sensor
376,-45,-300,minecraft:sculk_sensor
373,-47,-300,minecraft:sculk_catalyst
383,-51,-298,minecraft:sculk_sensor
382,-51,-297,minecraft:sculk_sensor
372,-43,-300,minecraft:sculk_sensor
383,-50,-302,minecraft:sculk_catalyst
374,-44,-300,minecraft:sculk_sensor
379,-44,-267,minecraft:sculk_sensor
379,-44,-266,minecraft:sculk_sensor
383,-40,-266,minecraft:sculk_sensor
375,-45,-262,minecraft:sculk_sensor
380,-44,-265,minecraft:sculk_sensor
372,-43,-262,minecraft:sculk_sensor
379,98,-261,cobblemon:berry
377,98,-263,cobblemon:berry
377,98,-262,cobblemon:berry
377,98,-261,cobblemon:berry
379,97,-263,cobblemon:berry
383,-51,-266,minecraft:sculk_catalyst
379,-47,-258,minecraft:sculk_shrieker
382,-51,-263,minecraft:sculk_sensor
377,-51,-264,minecraft:sculk_sensor
376,-47,-258,minecraft:sculk_shrieker
375,-47,-260,minecraft:sculk_sensor
375,-47,-259,minecraft:sculk_sensor
381,-46,-242,minecraft:sculk_catalyst
382,-46,-242,minecraft:sculk_sensor
374,-48,-242,minecraft:sculk_sensor
375,-48,-241,minecraft:sculk_sensor
382,-46,-246,minecraft:sculk_catalyst
383,-46,-247,minecraft:sculk_sensor
379,-50,-246,minecraft:sculk_sensor
375,-44,-246,minecraft:sculk_sensor
371,-50,-246,minecraft:sculk_sensor
370,-44,-246,minecraft:sculk_sensor
371,-44,-246,minecraft:sculk_sensor
370,-44,-250,minecraft:sculk_catalyst
371,-44,-250,minecraft:sculk_shrieker
370,-48,-251,minecraft:sculk_sensor
372,-30,-242,minecraft:sculk_shrieker
370,-44,-251,minecraft:sculk_sensor
381,-51,-244,minecraft:sculk_sensor
381,-47,-241,minecraft:sculk_sensor
376,-47,-242,minecraft:sculk_sensor
371,-51,-241,minecraft:sculk_shrieker
380,-49,-247,minecraft:sculk_shrieker
377,-47,-248,minecraft:sculk_catalyst
377,-47,-247,minecraft:sculk_sensor
372,-49,-242,minecraft:sculk_sensor
375,-47,-250,minecraft:sculk_shrieker
379,-47,-254,minecraft:sculk_shrieker
379,-47,-253,minecraft:sculk_sensor
376,-47,-248,minecraft:sculk_sensor
376,-45,-246,minecraft:sculk_sensor
376,-47,-255,minecraft:sculk_sensor
374,-47,-253,minecraft:sculk_shrieker
380,-47,-256,minecraft:sculk_sensor
377,-50,-239,minecraft:sculk_sensor
372,-31,-233,minecraft:sculk_sensor
370,-51,-234,minecraft:sculk_shrieker
375,-45,-239,minecraft:sculk_sensor
375,-41,-235,minecraft:sculk_sensor
374,-31,-240,minecraft:sculk_sensor
376,-46,-240,minecraft:sculk_sensor
376,-45,-239,minecraft:sculk_shrieker
374,-31,-239,minecraft:sculk_sensor
373,-31,-237,minecraft:sculk_sensor
368,-11,-224,minecraft:sculk_catalyst
381,-26,-209,minecraft:sculk_sensor
382,-26,-209,minecraft:sculk_sensor
367,-18,-202,minecraft:sculk_sensor
365,-17,-203,minecraft:sculk_catalyst
379,-46,-205,minecraft:sculk_sensor
383,-26,-208,minecraft:sculk_sensor
383,-26,-207,minecraft:sculk_catalyst
380,-46,-197,minecraft:sculk_sensor
380,-46,-198,minecraft:sculk_sensor
383,-46,-198,minecraft:sculk_sensor
361,-27,-188,minecraft:sculk_sensor
352,-35,-185,minecraft:sculk_catalyst
337,-5,-167,minecraft:sculk_sensor
348,-3,-165,minecraft:sculk_sensor
346,-12,-161,minecraft:sculk_catalyst
340,-8,-165,minecraft:sculk_sensor
351,-6,-163,minecraft:sculk_catalyst
362,-25,-169,minecraft:sculk_sensor
364,-23,-172,minecraft:sculk_sensor
361,-23,-173,minecraft:sculk_catalyst
362,-23,-175,minecraft:sculk_sensor
368,-30,-175,minecraft:sculk_catalyst
378,-44,-173,minecraft:sculk_sensor
380,-45,-174,minecraft:sculk_sensor
379,-45,-173,minecraft:sculk_catalyst
379,-45,-174,minecraft:sculk_sensor
319,-45,-160,minecraft:sculk_sensor
319,-45,-158,minecraft:sculk_catalyst
312,-47,-146,minecraft:sculk_sensor
315,-12,-145,minecraft:sculk_catalyst
324,-51,-155,minecraft:sculk_sensor
324,-52,-158,minecraft:sculk_catalyst
344,-5,-147,minecraft:sculk_catalyst
348,-51,-156,minecraft:sculk_catalyst
348,-48,-154,minecraft:sculk_sensor
356,-49,-152,minecraft:sculk_sensor
355,-49,-151,minecraft:sculk_shrieker
356,-49,-150,minecraft:sculk_sensor
360,-51,-156,minecraft:sculk_sensor
356,-49,-151,minecraft:sculk_catalyst
352,-51,-159,minecraft:sculk_sensor
367,5,-153,minecraft:sculk_sensor
366,-51,-152,minecraft:sculk_sensor
365,-51,-156,minecraft:sculk_sensor
361,5,-157,minecraft:sculk_catalyst
357,-49,-149,minecraft:sculk_shrieker
364,-51,-158,minecraft:sculk_sensor
364,-51,-159,minecraft:sculk_sensor
371,4,-151,minecraft:sculk_shrieker
371,4,-154,minecraft:sculk_shrieker
370,6,-149,minecraft:sculk_catalyst
375,-51,-148,minecraft:sculk_catalyst
370,4,-157,minecraft:sculk_catalyst
362,-45,-130,minecraft:sculk_catalyst
382,-50,-118,minecraft:sculk_sensor
378,-51,-114,minecraft:sculk_sensor
381,-50,-119,minecraft:sculk_sensor
375,-51,-116,minecraft:sculk_catalyst
381,-49,-120,minecraft:sculk_sensor
380,-51,-120,minecraft:sculk_shrieker
373,-50,-116,minecraft:sculk_sensor
368,-50,-116,minecraft:sculk_sensor
380,-4,-113,minecraft:sculk_sensor
372,-48,-119,minecraft:sculk_sensor
370,-46,-118,minecraft:sculk_shrieker
370,-47,-119,minecraft:sculk_sensor
369,-46,-118,minecraft:sculk_sensor
378,-51,-112,minecraft:sculk_sensor
372,-50,-110,minecraft:sculk_sensor
379,-51,-101,minecraft:sculk_sensor
376,-51,-100,minecraft:sculk_sensor
372,-50,-97,minecraft:sculk_catalyst
378,-6,-111,minecraft:sculk_sensor
375,-28,-94,minecraft:sculk_catalyst
375,-40,-67,minecraft:sculk_sensor
372,-39,-69,minecraft:sculk_sensor
372,-37,-70,minecraft:sculk_catalyst
376,-37,-52,minecraft:sculk_sensor
373,-33,-49,minecraft:sculk_sensor
377,-31,-42,minecraft:sculk_sensor
382,-47,-39,minecraft:sculk_sensor
370,-38,-38,minecraft:sculk_catalyst
382,-44,-41,minecraft:sculk_sensor
-159,86,-374,minecraft:beehive
-240,95,-397,minecraft:mob_spawner
-219,125,-431,cobblemon:berry
-218,124,-431,cobblemon:berry
-218,126,-429,cobblemon:berry
-220,126,-431,cobblemon:berry
-114,63,-414,cobblemon:berry
-125,73,-407,minecraft:beehive
-113,63,-414,cobblemon:berry
-113,63,-412,cobblemon:berry
-352,80,-377,minecraft:beehive
-340,89,-398,minecraft:beehive
-371,63,-185,cobblemon:berry
-372,63,-185,cobblemon:berry
-371,63,-186,cobblemon:berry
-371,63,-187,cobblemon:berry
-372,63,-187,cobblemon:berry
-387,73,-377,cobblemon:berry
-386,72,-376,cobblemon:berry
-388,73,-375,cobblemon:berry
-372,70,-114,cobblemon:berry
-373,70,-115,cobblemon:berry
-374,70,-113,cobblemon:berry
-51,-28,221,minecraft:mob_spawner
-22,-40,238,minecraft:mob_spawner
28,-35,244,minecraft:mob_spawner
11,25,259,minecraft:mob_spawner
-25,-30,259,minecraft:mob_spawner
84,18,262,minecraft:mob_spawner
159,-35,276,minecraft:mob_spawner
-45,7,316,minecraft:mob_spawner
266,77,206,cobblemon:berry
265,77,206,cobblemon:berry
265,77,204,cobblemon:berry
264,77,205,cobblemon:berry
273,-48,292,minecraft:mob_spawner
372,-23,159,minecraft:mob_spawner
294,-44,348,minecraft:sculk_catalyst
292,-44,347,minecraft:sculk_sensor
339,-29,366,minecraft:mob_spawner
288,-53,354,minecraft:sculk_sensor
318,-46,361,minecraft:sculk_sensor
319,-50,352,minecraft:sculk_sensor
314,-50,355,minecraft:sculk_sensor
321,-51,353,minecraft:sculk_catalyst
324,-54,362,minecraft:sculk_sensor
320,-50,353,minecraft:sculk_sensor
320,-50,352,minecraft:sculk_sensor
323,-50,360,minecraft:sculk_sensor
325,-49,358,minecraft:sculk_sensor
322,-50,360,minecraft:sculk_shrieker
324,-48,357,minecraft:sculk_sensor
13,-50,-375,minecraft:sculk_sensor
12,-46,-375,minecraft:sculk_sensor
13,-50,-376,minecraft:sculk_sensor
15,-51,-379,minecraft:sculk_sensor
12,-49,-377,minecraft:sculk_sensor
25,-51,-382,minecraft:sculk_sensor
24,-51,-383,minecraft:sculk_sensor
24,-51,-382,minecraft:sculk_sensor
24,-51,-377,minecraft:sculk_sensor
31,-51,-384,minecraft:sculk_sensor
29,-51,-382,minecraft:sculk_sensor
20,-51,-374,minecraft:sculk_sensor
35,-51,-380,minecraft:sculk_sensor
34,-51,-375,minecraft:sculk_sensor
37,-51,-378,minecraft:sculk_sensor
36,-51,-379,minecraft:sculk_sensor
32,-51,-374,minecraft:sculk_sensor
36,-51,-378,minecraft:sculk_catalyst
10,-49,-400,minecraft:sculk_sensor
10,-47,-398,minecraft:sculk_sensor
6,-51,-398,minecraft:sculk_sensor
9,-47,-399,minecraft:sculk_sensor
12,-50,-400,minecraft:sculk_catalyst
12,-49,-399,minecraft:sculk_sensor
11,-51,-399,minecraft:sculk_sensor
7,-51,-395,minecraft:sculk_sensor
11,-49,-400,minecraft:sculk_sensor
8,-51,-395,minecraft:sculk_sensor
13,-51,-399,minecraft:sculk_sensor
27,-51,-388,minecraft:sculk_sensor
26,-51,-387,minecraft:sculk_sensor
22,-51,-399,minecraft:sculk_sensor
29,-51,-389,minecraft:sculk_sensor
19,-51,-393,minecraft:sculk_shrieker
25,-48,-390,minecraft:sculk_sensor
21,-51,-392,minecraft:sculk_sensor
20,-51,-391,minecraft:sculk_sensor
24,-51,-388,minecraft:sculk_sensor
17,-50,-398,minecraft:sculk_sensor
41,-51,-387,minecraft:sculk_sensor
47,-48,-397,minecraft:sculk_sensor
33,-51,-386,minecraft:sculk_catalyst
45,-44,-390,minecraft:sculk_sensor
46,-49,-398,minecraft:sculk_shrieker
45,-44,-389,minecraft:sculk_sensor
41,-49,-400,minecraft:sculk_sensor
38,-51,-399,minecraft:sculk_sensor
41,-49,-399,minecraft:sculk_shrieker
32,-51,-389,minecraft:sculk_sensor
44,-40,-389,minecraft:sculk_sensor
44,-49,-398,minecraft:sculk_catalyst
43,-49,-400,minecraft:sculk_sensor
60,-40,-387,minecraft:sculk_catalyst
8,-29,-409,minecraft:sculk_sensor
11,-51,-402,minecraft:sculk_sensor
14,-30,-411,minecraft:sculk_sensor
11,-30,-406,minecraft:sculk_sensor
12,-30,-407,minecraft:sculk_sensor
15,-30,-407,minecraft:sculk_catalyst
14,-50,-412,minecraft:sculk_catalyst
13,-30,-407,minecraft:sculk_sensor
12,-31,-406,minecraft:sculk_catalyst
31,-49,-407,minecraft:sculk_sensor
20,-51,-408,minecraft:sculk_sensor
30,-49,-403,minecraft:sculk_catalyst
30,-45,-410,minecraft:sculk_catalyst
21,-51,-405,minecraft:sculk_shrieker
20,-51,-406,minecraft:sculk_sensor
21,-27,-414,minecraft:sculk_sensor
46,-49,-405,minecraft:sculk_sensor
32,-45,-403,minecraft:sculk_sensor
36,-51,-404,minecraft:sculk_sensor
35,-51,-405,minecraft:sculk_sensor
44,-47,-405,minecraft:sculk_sensor
45,-47,-405,minecraft:sculk_sensor
42,-51,-406,minecraft:sculk_sensor
38,-51,-402,minecraft:sculk_sensor
54,-46,-406,minecraft:sculk_sensor
16,-47,-429,minecraft:sculk_catalyst
0,0,0,<lithium_sleeping>
-171,74,-438,minecraft:beehive
-18,19,-443,minecraft:mob_spawner
-2,-47,-446,minecraft:sculk_catalyst
-1,-49,-444,minecraft:sculk_sensor
-190,71,-461,minecraft:beehive
12,-28,-434,minecraft:sculk_catalyst
3,-52,-451,minecraft:sculk_sensor
-241,85,-476,cobblemon:berry
-241,84,-477,cobblemon:berry
-239,85,-477,cobblemon:berry
-114,-14,-472,minecraft:mob_spawner
-292,73,-473,minecraft:beehive
-231,73,-490,minecraft:beehive
-254,-32,-524,minecraft:mob_spawner
-303,66,-528,minecraft:beehive
-334,9,-514,minecraft:mob_spawner
31,-45,-447,minecraft:sculk_sensor
31,-45,-445,minecraft:sculk_catalyst
38,-44,-442,minecraft:sculk_sensor
34,-52,-440,minecraft:sculk_sensor
36,-45,-448,minecraft:sculk_sensor
36,-52,-437,minecraft:sculk_catalyst
37,-45,-447,minecraft:sculk_sensor
36,-45,-447,minecraft:sculk_catalyst
36,-45,-442,minecraft:sculk_sensor
38,-45,-445,minecraft:sculk_sensor
54,-45,-446,minecraft:mob_spawner
26,-46,-454,minecraft:sculk_catalyst
26,-24,-464,minecraft:sculk_sensor
30,-46,-453,minecraft:sculk_sensor
36,-45,-452,minecraft:sculk_shrieker
59,-32,-450,minecraft:sculk_catalyst
53,30,-456,minecraft:mob_spawner
389,-37,-61,minecraft:sculk_sensor
399,-30,-49,minecraft:sculk_sensor
397,-26,-52,minecraft:sculk_catalyst
389,-39,-58,minecraft:sculk_catalyst
393,-34,-59,minecraft:sculk_shrieker
391,-35,-58,minecraft:sculk_sensor
397,-30,-48,minecraft:sculk_sensor
396,-30,-48,minecraft:sculk_sensor
389,-41,-21,minecraft:sculk_catalyst
386,-42,-2,minecraft:sculk_sensor
387,-42,-4,minecraft:sculk_sensor
387,-43,-5,minecraft:sculk_catalyst
389,-47,29,minecraft:sculk_sensor
412,-4,199,minecraft:mob_spawner
400,-54,47,minecraft:sculk_sensor
402,-53,50,minecraft:sculk_sensor
406,-50,49,minecraft:sculk_catalyst
400,-51,16,minecraft:sculk_catalyst
401,-52,20,minecraft:sculk_sensor
414,-46,8,minecraft:sculk_catalyst
409,-46,3,minecraft:sculk_sensor
411,119,-17,cobblemon:berry
412,120,-18,cobblemon:berry
410,119,-18,cobblemon:berry
411,120,-19,cobblemon:berry
431,-52,27,minecraft:sculk_sensor
429,-25,41,minecraft:sculk_sensor
445,-53,30,minecraft:sculk_sensor
437,-54,22,minecraft:sculk_catalyst
433,-52,28,minecraft:sculk_shrieker
432,-52,30,minecraft:sculk_sensor
447,-53,31,minecraft:sculk_shrieker
443,-53,27,minecraft:sculk_sensor
444,-47,16,minecraft:sculk_sensor
439,-52,20,minecraft:sculk_sensor
445,-52,35,minecraft:sculk_sensor
445,-51,37,minecraft:sculk_sensor
446,-52,36,minecraft:sculk_catalyst
438,-52,33,minecraft:sculk_sensor
447,-49,66,minecraft:sculk_sensor
440,-19,216,minecraft:mob_spawner
444,0,4,minecraft:mob_spawner
434,-43,4,minecraft:sculk_shrieker
436,-43,2,minecraft:sculk_catalyst
437,-47,15,minecraft:sculk_sensor
439,-44,2,minecraft:sculk_sensor
435,-44,6,minecraft:sculk_sensor
-410,-40,-204,minecraft:mob_spawner
-406,69,-97,cobblemon:berry
-405,69,-97,cobblemon:berry
-407,69,-98,cobblemon:berry
-406,69,-99,cobblemon:berry
-407,69,-99,cobblemon:berry
-432,63,-171,cobblemon:berry
-439,-12,-67,minecraft:mob_spawner
-433,63,-171,cobblemon:berry
-434,63,-171,cobblemon:berry
-434,63,-172,cobblemon:berry
-468,-4,-182,minecraft:mob_spawner
-471,18,-256,minecraft:mob_spawner
-392,66,-473,cobblemon:berry
-392,65,-474,cobblemon:berry
-391,66,-475,cobblemon:berry
415,-35,-48,minecraft:sculk_sensor
422,134,-33,cobblemon:berry
422,134,-35,cobblemon:berry
421,134,-34,cobblemon:berry
421,-34,-43,minecraft:sculk_sensor
419,-34,-44,minecraft:sculk_shrieker
418,-35,-47,minecraft:sculk_catalyst
418,-34,-48,minecraft:sculk_sensor
421,-51,-38,minecraft:sculk_sensor
424,-51,-43,minecraft:sculk_catalyst
446,-43,-10,minecraft:sculk_sensor
436,-43,-2,minecraft:sculk_sensor
447,-42,-12,minecraft:sculk_sensor
435,-43,-2,minecraft:sculk_sensor
436,-43,-3,minecraft:sculk_catalyst
447,-41,-14,minecraft:sculk_sensor
446,-44,-7,minecraft:sculk_sensor
26,111,-478,cobblemon:berry
25,111,-478,cobblemon:berry
25,111,-476,cobblemon:berry
333,-43,373,minecraft:sculk_sensor
331,-44,370,minecraft:sculk_sensor
-20,103,-541,cobblemon:berry
-20,104,-543,cobblemon:berry
-20,104,-542,cobblemon:berry
-21,104,-541,cobblemon:berry
-26,-48,-566,minecraft:sculk_shrieker
-28,-49,-565,minecraft:sculk_shrieker
-26,-47,-567,minecraft:sculk_shrieker
-28,-46,-566,minecraft:sculk_sensor
-345,65,-576,minecraft:beehive
-345,-25,-549,minecraft:mob_spawner
-110,72,-596,cobblemon:berry
-112,72,-595,cobblemon:berry
-110,72,-597,cobblemon:berry
-112,72,-596,cobblemon:berry
-112,72,-597,cobblemon:berry
