x,y,z,visibility,load_status,entity_count
16,-2,10,TICKING,LOADED,1
-20,6,-9,TRACKED,LOADED,2
-8,5,-20,TICKING,LOADED,1
-3,5,-8,TICKING,LOADED,1
-21,6,-8,TRACKED,LOADED,1
18,5,-2,TRACKED,LOADED,1
-7,3,-25,TICKING,LOADED,3
-14,3,-17,TICKING,LOADED,1
-4,5,-37,TRACKED,LOADED,1
-18,2,-18,TICKING,LOADED,1
5,4,9,TICKING,LOADED,1
-16,8,-26,TICKING,LOADED,1
-9,4,-24,TICKING,LOADED,1
-13,6,-9,TICKING,LOADED,1
-16,3,-16,TICKING,LOADED,19
7,6,-3,TICKING,LOADED,2
3,4,12,TRACKED,LOADED,1
17,3,4,TICKING,LOADED,9
-14,6,-27,TICKING,LOADED,1
-12,4,-26,TICKING,LOADED,2
4,4,7,TICKING,LOADED,1
-6,6,-15,TICKING,LOADED,1
15,3,15,TRACKED,LOADED,4
15,-3,15,TRACKED,LOADED,1
-11,4,-37,TRACKED,LOADED,4
-16,-1,-11,TICKING,LOADED,1
-10,3,-32,TICKING,LOADED,2
-12,4,-36,TICKING,LOADED,1
-7,4,-36,TICKING,LOADED,3
-1,5,-6,TICKING,LOADED,1
-20,1,-18,TRACKED,LOADED,2
-17,1,-10,TICKING,LOADED,1
-12,4,-34,TICKING,LOADED,6
-14,4,-14,TICKING,LOADED,3
-15,4,-12,TICKING,LOADED,1
18,3,8,TICKING,LOADED,18
1,6,-5,TICKING,LOADED,3
-15,4,-31,TICKING,LOADED,2
-4,6,-9,TICKING,LOADED,1
-11,4,-9,TICKING,LOADED,2
-17,5,-38,TRACKED,LOADED,4
-19,6,-26,TICKING,LOADED,4
15,3,2,TICKING,LOADED,17
-16,8,-24,TICKING,LOADED,1
-12,3,-21,TICKING,LOADED,15
11,-1,-5,TRACKED,LOADED,1
-5,6,-16,TRACKED,LOADED,2
-7,4,-8,TICKING,LOADED,1
10,5,-7,TRACKED,LOADED,1
-5,6,-20,TRACKED,LOADED,1
-20,3,-34,TICKING,LOADED,2
-20,4,-34,TICKING,LOADED,2
-2,6,-11,TRACKED,LOADED,1
18,-2,11,TICKING,LOADED,1
-15,4,-22,TICKING,LOADED,2
6,7,-11,TRACKED,LOADED,1
-4,6,-12,TRACKED,LOADED,1
8,-3,11,TICKING,LOADED,1
13,4,-2,TRACKED,LOADED,1
-19,4,-30,TICKING,LOADED,3
11,4,3,TICKING,LOADED,1
6,7,-6,TICKING,LOADED,3
13,4,6,TICKING,LOADED,1
13,-3,6,TICKING,LOADED,3
-6,6,-17,TICKING,LOADED,1
-12,4,-16,TICKING,LOADED,1
-21,-1,-13,TRACKED,LOADED,1
21,1,12,TRACKED,LOADED,1
21,-1,12,TRACKED,LOADED,2
20,3,11,TRACKED,LOADED,3
-7,6,-18,TICKING,LOADED,2
-17,4,-33,TICKING,LOADED,5
19,3,10,TICKING,LOADED,1
-16,6,-29,TICKING,LOADED,1
7,-3,12,TICKING,LOADED,1
12,2,5,TICKING,LOADED,1
14,4,7,TICKING,LOADED,1
-8,6,-17,TICKING,LOADED,1
-13,5,-12,TICKING,LOADED,1
-7,1,-23,TICKING,LOADED,8
-7,3,-23,TICKING,LOADED,1
-19,0,-16,TICKING,LOADED,1
-9,5,-15,TICKING,LOADED,1
-16,4,-13,TICKING,LOADED,1
-7,1,-28,TICKING,LOADED,3
-7,3,-28,TICKING,LOADED,2
-18,1,-15,TICKING,LOADED,1
11,5,-10,TRACKED,LOADED,1
-14,0,-24,TICKING,LOADED,1
1,7,-11,TRACKED,LOADED,3
-10,3,-22,TICKING,LOADED,1
-22,5,-25,TRACKED,LOADED,2
-4,6,-15,TRACKED,LOADED,2
12,4,10,TICKING,LOADED,1
6,4,11,TICKING,LOADED,1
-22,5,-29,TRACKED,LOADED,4
10,5,-8,TRACKED,LOADED,1
-13,1,-20,TICKING,LOADED,1
-13,3,-20,TICKING,LOADED,7
-11,4,-26,TICKING,LOADED,1
-19,6,-8,TRACKED,LOADED,2
19,3,7,TICKING,LOADED,2
16,3,3,TICKING,LOADED,15
-15,6,-9,TICKING,LOADED,2
15,5,8,TICKING,LOADED,1
-14,5,-10,TICKING,LOADED,1
-14,6,-10,TICKING,LOADED,1
3,4,5,TICKING,LOADED,1
-9,4,-17,TICKING,LOADED,1
-10,3,-31,TICKING,LOADED,2
-21,4,-15,TRACKED,LOADED,1
-9,4,-12,TICKING,LOADED,1
21,3,14,TRACKED,LOADED,13
12,3,7,TICKING,LOADED,2
12,-3,7,TICKING,LOADED,2
13,4,10,TICKING,LOADED,1
0,4,-1,TICKING,LOADED,1
-22,5,-26,TRACKED,LOADED,3
-7,3,-24,TICKING,LOADED,1
-15,8,-24,TICKING,LOADED,1
9,4,0,TICKING,LOADED,1
-13,4,-30,TICKING,LOADED,2
-16,2,-23,TICKING,LOADED,1
-16,3,-23,TICKING,LOADED,2
14,5,6,TICKING,LOADED,1
-8,0,-23,TICKING,LOADED,5
-8,3,-23,TICKING,LOADED,3
17,5,11,TICKING,LOADED,1
17,-2,11,TICKING,LOADED,1
-8,6,-19,TICKING,LOADED,1
11,-2,-4,TRACKED,LOADED,1
12,4,4,TICKING,LOADED,1
-21,6,-18,TRACKED,LOADED,1
-16,6,-8,TRACKED,LOADED,1
-7,4,-34,TICKING,LOADED,4
-6,6,-18,TICKING,LOADED,1
-18,7,-24,TICKING,LOADED,2
7,6,-5,TICKING,LOADED,2
8,4,-1,TICKING,LOADED,1
10,0,10,TICKING,LOADED,1
10,-1,10,TICKING,LOADED,1
9,-1,-7,TICKING,LOADED,1
18,3,7,TICKING,LOADED,5
-19,5,-10,TICKING,LOADED,2
-13,5,-27,TICKING,LOADED,1
-11,4,-32,TICKING,LOADED,1
-19,1,-18,TICKING,LOADED,9
-15,4,-34,TICKING,LOADED,4
3,4,11,TRACKED,LOADED,1
-15,6,-29,TICKING,LOADED,1
-12,1,-14,TICKING,LOADED,1
-12,4,-14,TICKING,LOADED,3
-17,1,-15,TICKING,LOADED,2
-17,3,-15,TICKING,LOADED,9
15,3,1,TICKING,LOADED,6
-5,6,-18,TRACKED,LOADED,2
-12,4,-18,TICKING,LOADED,1
-13,4,-17,TICKING,LOADED,3
-11,3,-22,TICKING,LOADED,2
10,5,-10,TRACKED,LOADED,1
16,3,0,TICKING,LOADED,15
-17,0,-16,TICKING,LOADED,4
-17,3,-16,TICKING,LOADED,1
-11,4,-29,TICKING,LOADED,1
-5,5,-13,TRACKED,LOADED,1
-13,5,-24,TICKING,LOADED,1
-13,6,-24,TICKING,LOADED,1
-9,2,-22,TICKING,LOADED,3
1,6,-10,TRACKED,LOADED,1
3,6,-5,TICKING,LOADED,1
-16,3,-17,TICKING,LOADED,3
2,7,-6,TICKING,LOADED,1
9,-2,13,TICKING,LOADED,1
-5,3,-23,TRACKED,LOADED,2
13,-3,7,TICKING,LOADED,2
13,-2,7,TICKING,LOADED,1
-13,4,-13,TICKING,LOADED,1
-8,4,-13,TICKING,LOADED,1
12,4,3,TICKING,LOADED,1
17,3,1,TICKING,LOADED,6
10,-3,5,TICKING,LOADED,2
-6,3,-24,TICKING,LOADED,1
-21,5,-25,TRACKED,LOADED,2
-10,5,-26,TICKING,LOADED,4
12,4,-2,TRACKED,LOADED,2
-8,0,-29,TICKING,LOADED,1
-8,3,-29,TICKING,LOADED,1
-12,4,-15,TICKING,LOADED,1
-19,4,-33,TICKING,LOADED,2
-15,4,-11,TICKING,LOADED,1
-15,5,-11,TICKING,LOADED,1
-21,7,-22,TRACKED,LOADED,1
-1,7,-10,TRACKED,LOADED,3
-11,4,-33,TICKING,LOADED,1
4,7,-7,TICKING,LOADED,2
-7,4,-9,TICKING,LOADED,4
-12,4,-23,TICKING,LOADED,1
15,3,0,TICKING,LOADED,14
-16,5,-30,TICKING,LOADED,1
12,-4,6,TICKING,LOADED,2
12,-3,6,TICKING,LOADED,3
-1,6,-11,TRACKED,LOADED,1
-9,4,-10,TICKING,LOADED,1
-19,3,-12,TICKING,LOADED,1
13,4,12,TICKING,LOADED,1
-5,5,-15,TRACKED,LOADED,1
-5,6,-15,TRACKED,LOADED,1
-18,0,-14,TICKING,LOADED,4
-18,3,-14,TICKING,LOADED,7
-14,3,-19,TICKING,LOADED,9
11,5,-11,TRACKED,LOADED,3
-9,1,-29,TICKING,LOADED,1
-12,3,-20,TICKING,LOADED,14
3,7,-7,TICKING,LOADED,2
8,-1,15,TRACKED,LOADED,2
20,3,12,TRACKED,LOADED,3
6,4,10,TICKING,LOADED,1
-16,3,-15,TICKING,LOADED,3
10,-3,7,TICKING,LOADED,1
-17,4,-34,TICKING,LOADED,1
-20,0,-13,TRACKED,LOADED,2
-13,4,-23,TICKING,LOADED,1
-7,6,-19,TICKING,LOADED,1
-7,6,-17,TICKING,LOADED,2
-19,0,-15,TICKING,LOADED,2
-19,1,-15,TICKING,LOADED,1
-19,3,-15,TICKING,LOADED,1
5,4,11,TICKING,LOADED,1
5,4,4,TICKING,LOADED,1
8,6,-10,TRACKED,LOADED,2
3,4,8,TICKING,LOADED,1
-14,0,-22,TICKING,LOADED,2
-14,4,-22,TICKING,LOADED,1
-4,6,-17,TRACKED,LOADED,1
18,3,3,TICKING,LOADED,1
15,-1,6,TICKING,LOADED,1
14,-3,5,TICKING,LOADED,1
-15,5,-7,TRACKED,LOADED,2
-10,3,-24,TICKING,LOADED,1
-17,7,-24,TICKING,LOADED,3
11,-3,14,TRACKED,LOADED,1
0,4,-2,TICKING,LOADED,1
-7,3,-27,TICKING,LOADED,2
21,1,13,TRACKED,LOADED,3
21,3,13,TRACKED,LOADED,5
-13,6,-26,TICKING,LOADED,1
9,0,15,TRACKED,LOADED,2
-9,4,-25,TICKING,LOADED,1
-15,3,-17,TICKING,LOADED,6
-19,6,-25,TICKING,LOADED,1
8,6,-3,TICKING,LOADED,2
9,4,5,TICKING,LOADED,1
-11,3,-31,TICKING,LOADED,2
-4,5,-10,TRACKED,LOADED,2
8,-3,13,TICKING,LOADED,1
-20,3,-20,TRACKED,LOADED,1
-13,5,-10,TICKING,LOADED,2
13,4,9,TICKING,LOADED,2
-12,4,-30,TICKING,LOADED,1
-5,3,-25,TRACKED,LOADED,1
16,3,1,TICKING,LOADED,16
-14,4,-32,TICKING,LOADED,2
9,-3,6,TICKING,LOADED,1
-18,0,-17,TICKING,LOADED,1
-18,3,-17,TICKING,LOADED,1
-18,4,-17,TICKING,LOADED,3
5,-2,10,TICKING,LOADED,1
10,5,-6,TRACKED,LOADED,1
-7,2,-32,TICKING,LOADED,1
-19,4,-21,TICKING,LOADED,1
18,5,-3,TRACKED,LOADED,2
18,6,-3,TRACKED,LOADED,1
17,3,3,TICKING,LOADED,2
-8,4,-9,TICKING,LOADED,2
-10,5,-18,TICKING,LOADED,1
-12,4,-35,TICKING,LOADED,4
4,4,6,TICKING,LOADED,2
-16,3,-18,TICKING,LOADED,1
6,4,3,TICKING,LOADED,1
-11,3,-21,TICKING,LOADED,14
11,4,1,TICKING,LOADED,1
-18,4,-30,TICKING,LOADED,1
-21,3,-20,TRACKED,LOADED,1
-7,1,-10,TICKING,LOADED,1
-5,6,-22,TRACKED,LOADED,1
-20,6,-21,TRACKED,LOADED,2
-5,6,-14,TRACKED,LOADED,1
10,-3,6,TICKING,LOADED,1
-15,3,-23,TICKING,LOADED,2
-19,1,-19,TICKING,LOADED,1
-19,4,-19,TICKING,LOADED,1
18,3,6,TICKING,LOADED,8
17,3,0,TICKING,LOADED,1
-14,5,-29,TICKING,LOADED,2
-10,5,-17,TICKING,LOADED,1
6,-3,12,TICKING,LOADED,1
-20,6,-26,TICKING,LOADED,1
4,5,-4,TICKING,LOADED,1
8,-3,7,TICKING,LOADED,1
-8,1,-28,TICKING,LOADED,1
-15,0,-8,TRACKED,LOADED,1
15,0,7,TICKING,LOADED,1
15,-2,7,TICKING,LOADED,1
15,3,-1,TICKING,LOADED,2
16,3,-1,TICKING,LOADED,10
-5,3,-24,TRACKED,LOADED,2
-6,2,-23,TICKING,LOADED,1
-6,3,-23,TICKING,LOADED,2
-8,-1,-27,TICKING,LOADED,1
-11,-1,-11,TICKING,LOADED,1
11,4,0,TICKING,LOADED,1
-19,4,-22,TICKING,LOADED,1
-19,7,-22,TICKING,LOADED,1
-5,3,-17,TRACKED,LOADED,1
-5,6,-17,TRACKED,LOADED,4
2,6,-5,TICKING,LOADED,1
-3,6,-10,TRACKED,LOADED,2
-2,-2,11,TRACKED,LOADED,1
-5,5,-9,TICKING,LOADED,1
13,-3,5,TICKING,LOADED,3
-11,4,-27,TICKING,LOADED,2
-10,4,-20,TICKING,LOADED,1
2,4,11,TRACKED,LOADED,2
-14,3,-18,TICKING,LOADED,15
12,4,12,TICKING,LOADED,1
0,3,10,TRACKED,LOADED,1
10,0,11,TICKING,LOADED,4
16,0,2,TICKING,LOADED,1
16,3,2,TICKING,LOADED,42
-6,4,-10,TICKING,LOADED,1
-6,5,-10,TICKING,LOADED,1
21,2,15,TRACKED,LOADED,1
21,3,15,TRACKED,LOADED,2
-20,6,-8,TRACKED,LOADED,3
-12,4,-13,TICKING,LOADED,1
-12,5,-13,TICKING,LOADED,1
-18,2,-32,TICKING,LOADED,2
-19,3,-14,TICKING,LOADED,1
-14,5,-11,TICKING,LOADED,1
-8,3,-24,TICKING,LOADED,1
2,5,-2,TICKING,LOADED,1
12,-3,8,TICKING,LOADED,1
17,1,6,TICKING,LOADED,1
11,4,7,TICKING,LOADED,3
11,-3,7,TICKING,LOADED,1
-21,5,-26,TRACKED,LOADED,1
-15,4,-15,TICKING,LOADED,1
-7,6,-20,TICKING,LOADED,1
-13,3,-19,TICKING,LOADED,1
-7,4,-35,TICKING,LOADED,4
-9,5,-18,TICKING,LOADED,1
11,5,-9,TRACKED,LOADED,1
-9,0,-23,TICKING,LOADED,1
-9,1,-23,TICKING,LOADED,1
-9,2,-23,TICKING,LOADED,2
17,0,10,TICKING,LOADED,2
16,0,11,TICKING,LOADED,3
-15,6,-10,TICKING,LOADED,1
-16,6,-9,TICKING,LOADED,1
-18,-1,-27,TICKING,LOADED,2
0,5,-5,TICKING,LOADED,1
10,4,1,TICKING,LOADED,1
16,3,5,TICKING,LOADED,2
5,7,-7,TICKING,LOADED,1
7,-4,5,TICKING,LOADED,8
-16,7,-25,TICKING,LOADED,2
19,3,8,TICKING,LOADED,2
-19,6,-9,TICKING,LOADED,5
-22,5,-28,TRACKED,LOADED,3
-22,5,-24,TRACKED,LOADED,3
2,7,-11,TRACKED,LOADED,2
-2,3,10,TRACKED,LOADED,1
-15,8,-26,TICKING,LOADED,1
-18,5,-10,TICKING,LOADED,1
18,3,9,TICKING,LOADED,17
8,4,4,TICKING,LOADED,1
-15,4,-13,TICKING,LOADED,1
