{
	"format_version": "1.8.0",
	"animations": {
		"animation.armaldo.ground_idle": {
			"loop": true,
			"bones": {
				"back_fin_left": {
					"rotation": [0, 0, 40]
				},
				"back_fin_right": {
					"rotation": [0, 0, -40]
				},
				"arm1_right": {
					"rotation": ["38.7454+math.sin(query.anim_time*90*2)*3", 24.3683, 5.7632]
				},
				"arm2_right": {
					"rotation": [-40, 0, 0]
				},
				"claw1_right": {
					"rotation": ["43.6429+math.sin(query.anim_time*90*2)*3", 12.27659, -12.56853]
				},
				"claw2_right": {
					"rotation": [24.47761, 5.24826, -11.36081]
				},
				"claw3_right": {
					"rotation": [22.5, 0, 0]
				},
				"arm1_left": {
					"rotation": ["38.7454+math.sin(query.anim_time*90*2)*3", -24.3683, -5.7632]
				},
				"arm2_left": {
					"rotation": [-40, 0, 0]
				},
				"claw1_left": {
					"rotation": ["43.6429+math.sin(query.anim_time*90*2+90)*3", -12.2766, 12.5685]
				},
				"claw2_left": {
					"rotation": [24.47761, -5.2483, 11.3608]
				},
				"claw3_left": {
					"rotation": [22.5, 0, 0]
				},
				"neck": {
					"rotation": ["7.5+math.sin(query.anim_time*90*2)*1+3", 0, 0]
				},
				"bottom_fin_left": {
					"rotation": [0, 7.5, 17.5]
				},
				"middle_fin_left": {
					"rotation": [-1.31717, -12.3854, -12.4142]
				},
				"bottom_fin_right": {
					"rotation": [0, -7.5, -17.5]
				},
				"middle_fin_right": {
					"rotation": [-1.31717, 12.38541, 12.41418]
				},
				"neck2": {
					"rotation": [2.5, 0, 0]
				},
				"top_fin_left": {
					"rotation": [15.90887, -17.4224, -25.2349]
				},
				"top_fin_right": {
					"rotation": [15.90887, 17.42236, 25.23486]
				},
				"head": {
					"rotation": ["-10+math.sin(query.anim_time*90*2+180)*2", 0, 0]
				},
				"eye_right": {
					"rotation": [0, 0, -30]
				},
				"eye_left": {
					"rotation": [0, 0, 30]
				},
				"tail": {
					"rotation": [-10, 0, 0]
				},
				"tail2": {
					"rotation": [25, 0, "0+math.sin(query.anim_time*90*2)*3"]
				},
				"right_leg": {
					"rotation": [0, 10, 0]
				},
				"left_leg": {
					"rotation": [0, -10, 0]
				},
				"torso": {
					"rotation": ["math.sin(query.anim_time*90*2+45)", 0, 0]
				},
				"jaw": {
					"rotation": ["15+ math.sin(query.anim_time*90*2)*3", 0, 0]
				},
				"tail3": {
					"rotation": [0, 0, "0+math.sin(query.anim_time*90*2)*3"]
				}
			}
		},
		"animation.armaldo.render": {
			"loop": true,
			"bones": {
				"armaldo": {
					"rotation": [0, "0-query.anim_time*90*0.2", 0],
					"position": [1, 0, 0]
				},
				"neck": {
					"rotation": [9.39308, 3.93552, -8.10692]
				},
				"neck2": {
					"rotation": [4.89638, 1.61888, -7.32417]
				},
				"head": {
					"rotation": [-6.44462, 12.12314, -0.57928]
				},
				"eye_right": {
					"rotation": [0, 0, -32.5]
				},
				"eye_left": {
					"rotation": [0, 0, 35]
				},
				"tail": {
					"rotation": [-7.74511, -5.05904, 5.54401]
				},
				"tail2": {
					"rotation": [9.97096, -11.2531, 25.25766]
				},
				"right_leg": {
					"rotation": [-25, 35, 0],
					"position": [0, -1.5, 0]
				},
				"right_toe1": {
					"rotation": [0, 20, 0]
				},
				"right_toe2": {
					"rotation": [0, -27.5, 0]
				},
				"left_leg": {
					"rotation": [0, -42.5, 0]
				},
				"left_toe1": {
					"rotation": [0, -20, 0]
				},
				"left_toe2": {
					"rotation": [0, 27.5, 0]
				},
				"arm1_left": {
					"rotation": [30.27898, -47.16553, 20.59518]
				},
				"arm2_left": {
					"rotation": [-47.5, 0, 0]
				},
				"claw1_left": {
					"rotation": [39.13487, 15.60233, 19.24943]
				},
				"claw2_left": {
					"rotation": [25.53051, 11.31255, 5.35254]
				},
				"claw3_left": {
					"rotation": [30.86748, 12.95254, 7.63074]
				},
				"middle_fin_right": {
					"rotation": [-6.24605, 19.03771, 3.95165]
				},
				"bottom_fin_right": {
					"rotation": [-12.58272, -11.91998, -20.09808]
				},
				"top_fin_right": {
					"rotation": [0, 20, 30]
				},
				"bottom_fin_left": {
					"rotation": [-25, 0, 5]
				},
				"middle_fin_left": {
					"rotation": [15, -15, -20]
				},
				"top_fin_left": {
					"rotation": [20, -15, -17.5]
				},
				"back_fin_right": {
					"rotation": [0, 0, -27.5]
				},
				"back_fin_left": {
					"rotation": [0, 0, 25]
				},
				"arm1_right": {
					"rotation": [30.27898, 47.1655, -20.5952]
				},
				"arm2_right": {
					"rotation": [-47.5, 0, 0]
				},
				"claw1_right": {
					"rotation": [56.63487, -15.6023, -19.2494]
				},
				"claw2_right": {
					"rotation": [37.43735, 0.15919, -6.78305]
				},
				"claw3_right": {
					"rotation": [20, 0, 0]
				},
				"body": {
					"rotation": [0, -10, 0]
				},
				"right_leg2": {
					"rotation": [10, 0, 0]
				},
				"right_foot": {
					"rotation": [15, 0, 0]
				}
			}
		},
		"animation.armaldo.blink": {
			"animation_length": 0.16667,
			"bones": {
				"eyelid_right": {
					"position": {
						"0.0": [0, 0, -0.1],
						"0.125": [0, 0, -0.1],
						"0.1667": [0, 0, 0]
					}
				},
				"eyelid_left": {
					"position": {
						"0.0": [0, 0, -0.1],
						"0.125": [0, 0, -0.1],
						"0.1667": [0, 0, 0]
					}
				}
			}
		}
	}
}