{
	"format_version": "1.8.0",
	"animations": {
		"animation.bastiodon.ground_idle": {
			"loop": true,
			"bones": {
				"body": {
					"position": [0, -0.1, 0]
				},
				"torso": {
					"rotation": [-2.5, 0, 0],
					"position": [0, -0.25, 0]
				},
				"head": {
					"rotation": [2.5, 0, 0]
				},
				"tail": {
					"rotation": [-7.5, 0, 0]
				},
				"tail2": {
					"rotation": [12.5, 0, 0]
				},
				"left_front_upper_leg": {
					"rotation": [2.5, 0, 0]
				},
				"left_front_lower_leg": {
					"rotation": [-2.50238, 2.49762, -0.10912]
				},
				"right_front_upper_leg": {
					"rotation": [2.5, 0, 0]
				},
				"right_front_lower_leg": {
					"rotation": [-2.50238, -2.49762, 0.10912]
				},
				"left_back_upper_leg": {
					"rotation": [-6.5, 0, 0]
				},
				"left_back_lower_leg": {
					"rotation": [5.019, -4.98093, -0.43688]
				},
				"right_back_upper_leg": {
					"rotation": [-6.5, 0, 0]
				},
				"right_back_lower_leg": {
					"rotation": [5.019, 4.98093, 0.43688]
				}
			}
		},
		"animation.bastiodon.cry": {
			"animation_length": 1.25,
			"bones": {
				"head": {
					"rotation": {
						"0.0": [0, 0, 0],
						"0.4583": [-10, 0, 0],
						"0.7917": [-10, 0, 0],
						"1.25": [0, 0, 0]
					}
				},
				"jaw": {
					"rotation": {
						"0.0": [0, 0, 0],
						"0.3333": [32.5, 0, 0],
						"0.9167": [32.5, 0, 0],
						"1.25": [0, 0, 0]
					}
				},
				"left_chain": {
					"rotation": {
						"0.0": [0, 0, 0],
						"0.4583": [10, 0, 0],
						"0.7917": [10, 0, 0],
						"1.25": [0, 0, 0]
					}
				},
				"right_chain": {
					"rotation": {
						"0.0": [0, 0, 0],
						"0.4583": [10, 0, 0],
						"0.7917": [10, 0, 0],
						"1.25": [0, 0, 0]
					}
				}
			},
			"sound_effects": {
				"0.0": {
					"effect": "pokemon.bastiodon.cry"
				}
			}
		},
		"animation.bastiodon.blink": {
			"animation_length": 0.16667,
			"bones": {
				"left_eyelid": {
					"position": {
						"0.0": [0, 0, -0.1],
						"0.125": [0, 0, -0.1],
						"0.1667": [0, 0, 0]
					}
				},
				"right_eyelid": {
					"position": {
						"0.0": [0, 0, -0.1],
						"0.125": [0, 0, -0.1],
						"0.1667": [0, 0, 0]
					}
				}
			}
		}
	}
}